Space,Organ,Contrast,Stress_Axis,PhysioScore
AT_Stress_Space,Leaf,Flight_Red,Drought,-10.248160662829322
AT_Stress_Space,Leaf,Flight_Red,Hypoxia,-9.789032008380467
AT_Stress_Space,Leaf,Flight_Red,Heat,-10.31444103405549
AT_Stress_Space,Leaf,Flight_Red,Biotic,11.11364145235204
AT_Stress_Space,Leaf,Flight_Red,Osmotic,-20.074283594483767
AT_Stress_Space,Leaf,Flight_Red,Salt,-2.463548251210884
AT_Stress_Space,Leaf,Flight_Red,Biotic.Hormone,6.710514051610975
AT_Stress_Space,Leaf,Flight_Red,Hormone,-2.0647453906310766
AT_Stress_Space,Leaf,Flight_Red,Light,-22.481487201688388
AT_Stress_Space,Leaf,Flight_Red,FarRed,-17.82024955233435
AT_Stress_Space,Leaf,Flight_Red,LowPH,-0.34609623882060936
AT_Stress_Space,Leaf,Flight_Red,Nitrogen,3.664105364143835
AT_Stress_Space,Leaf,Flight_Red,Cold,4.550476468641396
AT_Stress_Space,Leaf,Flight_Red,FeDeficiency,1.2591246541654206
AT_Stress_Space,Leaf,Flight_Red,Herbicide,0.7355353189261691
AT_Stress_Space,Leaf,Flight_Red,UV,-16.51946395193996
AT_Stress_Space,Leaf,Flight_Red,Wounding,-10.995087840439211
AT_Stress_Space,Leaf,Flight_Red,Genotoxic,-18.071236152813256
AT_Stress_Space,Leaf,Flight_Red,Drought.Light,-27.03009161104638
AT_Stress_Space,Leaf,Flight_Red,Radiation,-2.455666426437502
AT_Stress_Space,Root,Flight_Red,Drought,3.185550349777991
AT_Stress_Space,Root,Flight_Red,Hypoxia,1.0349212173323095
AT_Stress_Space,Root,Flight_Red,Heat,0.5297264730453306
AT_Stress_Space,Root,Flight_Red,Biotic,13.138160322699454
AT_Stress_Space,Root,Flight_Red,Osmotic,3.742494253651054
AT_Stress_Space,Root,Flight_Red,Salt,-0.6006822269208055
AT_Stress_Space,Root,Flight_Red,Biotic.Hormone,15.635854453900242
AT_Stress_Space,Root,Flight_Red,Hormone,11.756688353274246
AT_Stress_Space,Root,Flight_Red,Light,-12.059284825114911
AT_Stress_Space,Root,Flight_Red,FarRed,2.2256393814217077
AT_Stress_Space,Root,Flight_Red,LowPH,-2.6729322559537345
AT_Stress_Space,Root,Flight_Red,Nitrogen,17.18804633551145
AT_Stress_Space,Root,Flight_Red,Cold,0.5450479123012459
AT_Stress_Space,Root,Flight_Red,FeDeficiency,4.11904946467327
AT_Stress_Space,Root,Flight_Red,Herbicide,6.598861878507167
AT_Stress_Space,Root,Flight_Red,UV,3.3012630001852856
AT_Stress_Space,Root,Flight_Red,Wounding,11.81510589118731
AT_Stress_Space,Root,Flight_Red,Genotoxic,-2.0625091773551905
AT_Stress_Space,Root,Flight_Red,Drought.Light,-3.836590802599106
AT_Stress_Space,Root,Flight_Red,Radiation,4.394345032662799
AT_Stress_Space,Leaf,Flight_Blue,Drought,-21.885492963963934
AT_Stress_Space,Leaf,Flight_Blue,Hypoxia,-9.44819861333785
AT_Stress_Space,Leaf,Flight_Blue,Heat,-17.083121356603325
AT_Stress_Space,Leaf,Flight_Blue,Biotic,7.682251306972878
AT_Stress_Space,Leaf,Flight_Blue,Osmotic,-14.663025728407353
AT_Stress_Space,Leaf,Flight_Blue,Salt,0.6867928615295644
AT_Stress_Space,Leaf,Flight_Blue,Biotic.Hormone,2.2217967964107244
AT_Stress_Space,Leaf,Flight_Blue,Hormone,-1.5754770709005348
AT_Stress_Space,Leaf,Flight_Blue,Light,-29.648770361321915
AT_Stress_Space,Leaf,Flight_Blue,FarRed,-23.792235213796815
AT_Stress_Space,Leaf,Flight_Blue,LowPH,0.5126011221202289
AT_Stress_Space,Leaf,Flight_Blue,Nitrogen,2.0723910249326014
AT_Stress_Space,Leaf,Flight_Blue,Cold,-2.7229476963095087
AT_Stress_Space,Leaf,Flight_Blue,FeDeficiency,-0.16315259850609545
AT_Stress_Space,Leaf,Flight_Blue,Herbicide,-5.014378589116286
AT_Stress_Space,Leaf,Flight_Blue,UV,-5.5248172872956545
AT_Stress_Space,Leaf,Flight_Blue,Wounding,-2.0423082605496488
AT_Stress_Space,Leaf,Flight_Blue,Genotoxic,-4.314472949415015
AT_Stress_Space,Leaf,Flight_Blue,Drought.Light,-35.50339381780428
AT_Stress_Space,Leaf,Flight_Blue,Radiation,1.5634782643966
AT_Stress_Space,Root,Flight_Blue,Drought,-0.47820678262335137
AT_Stress_Space,Root,Flight_Blue,Hypoxia,-9.60472395990025
AT_Stress_Space,Root,Flight_Blue,Heat,-15.209423193269144
AT_Stress_Space,Root,Flight_Blue,Biotic,18.84028931760846
AT_Stress_Space,Root,Flight_Blue,Osmotic,0.08774644039293389
AT_Stress_Space,Root,Flight_Blue,Salt,-5.855470497681874
AT_Stress_Space,Root,Flight_Blue,Biotic.Hormone,32.13241578228504
AT_Stress_Space,Root,Flight_Blue,Hormone,8.818981114190962
AT_Stress_Space,Root,Flight_Blue,Light,-21.27178292593071
AT_Stress_Space,Root,Flight_Blue,FarRed,-0.03895249355228533
AT_Stress_Space,Root,Flight_Blue,LowPH,-16.697166289653406
AT_Stress_Space,Root,Flight_Blue,Nitrogen,16.227433993785947
AT_Stress_Space,Root,Flight_Blue,Cold,4.4081076145803175
AT_Stress_Space,Root,Flight_Blue,FeDeficiency,-4.049627375660935
AT_Stress_Space,Root,Flight_Blue,Herbicide,3.7544048750030665
AT_Stress_Space,Root,Flight_Blue,UV,-3.213166629686024
AT_Stress_Space,Root,Flight_Blue,Wounding,4.866285654723194
AT_Stress_Space,Root,Flight_Blue,Genotoxic,-1.0730233233804716
AT_Stress_Space,Root,Flight_Blue,Drought.Light,-10.7350572671706
AT_Stress_Space,Root,Flight_Blue,Radiation,-0.2946543262390996
AT_Stress_Space,Leaf,Ground_Red,Drought,0.2727821242115291
AT_Stress_Space,Leaf,Ground_Red,Hypoxia,4.415299189479295
AT_Stress_Space,Leaf,Ground_Red,Heat,-1.0201562286303048
AT_Stress_Space,Leaf,Ground_Red,Biotic,3.4064497672460146
AT_Stress_Space,Leaf,Ground_Red,Osmotic,-2.682723206269351
AT_Stress_Space,Leaf,Ground_Red,Salt,-1.0268825385386915
AT_Stress_Space,Leaf,Ground_Red,Biotic.Hormone,-3.6091534986880145
AT_Stress_Space,Leaf,Ground_Red,Hormone,1.0130404006464302
AT_Stress_Space,Leaf,Ground_Red,Light,4.6912552316329235
AT_Stress_Space,Leaf,Ground_Red,FarRed,-1.9924721994468517
AT_Stress_Space,Leaf,Ground_Red,LowPH,0.5326364883103064
AT_Stress_Space,Leaf,Ground_Red,Nitrogen,-1.1145616015533897
AT_Stress_Space,Leaf,Ground_Red,Cold,-1.6644990087607692
AT_Stress_Space,Leaf,Ground_Red,FeDeficiency,-0.8436598421708209
AT_Stress_Space,Leaf,Ground_Red,Herbicide,0.11003930073106165
AT_Stress_Space,Leaf,Ground_Red,UV,0.25152312016984973
AT_Stress_Space,Leaf,Ground_Red,Wounding,-1.5393150253008787
AT_Stress_Space,Leaf,Ground_Red,Genotoxic,-1.0089971968750089
AT_Stress_Space,Leaf,Ground_Red,Drought.Light,-2.3591163782222915
AT_Stress_Space,Leaf,Ground_Red,Radiation,-1.096764176762225
AT_Stress_Space,Root,Ground_Red,Drought,-2.826594555530822
AT_Stress_Space,Root,Ground_Red,Hypoxia,0.1933880360009037
AT_Stress_Space,Root,Ground_Red,Heat,-1.002502789179407
AT_Stress_Space,Root,Ground_Red,Biotic,3.242466014191286
AT_Stress_Space,Root,Ground_Red,Osmotic,-1.002991927795962
AT_Stress_Space,Root,Ground_Red,Salt,-1.096196199639995
AT_Stress_Space,Root,Ground_Red,Biotic.Hormone,1.391170933701755
AT_Stress_Space,Root,Ground_Red,Hormone,-0.3133250526708138
AT_Stress_Space,Root,Ground_Red,Light,-0.8183460839942929
AT_Stress_Space,Root,Ground_Red,FarRed,1.160404687822043
AT_Stress_Space,Root,Ground_Red,LowPH,1.1603077803698754
AT_Stress_Space,Root,Ground_Red,Nitrogen,0.4304529799381805
AT_Stress_Space,Root,Ground_Red,Cold,-3.310229216944669
AT_Stress_Space,Root,Ground_Red,FeDeficiency,1.1860025353754564
AT_Stress_Space,Root,Ground_Red,Herbicide,-0.059578475377390486
AT_Stress_Space,Root,Ground_Red,UV,0.16236227804483563
AT_Stress_Space,Root,Ground_Red,Wounding,-2.0043077487630936
AT_Stress_Space,Root,Ground_Red,Genotoxic,0.07169801706397272
AT_Stress_Space,Root,Ground_Red,Drought.Light,-1.8732938570819684
AT_Stress_Space,Root,Ground_Red,Radiation,-1.2428074553633994
AT_Stress_Space,Leaf,Ground_Blue,Drought,-6.645679379320961
AT_Stress_Space,Leaf,Ground_Blue,Hypoxia,0.4808228825651049
AT_Stress_Space,Leaf,Ground_Blue,Heat,-0.1668279660780201
AT_Stress_Space,Leaf,Ground_Blue,Biotic,-9.241055037418375
AT_Stress_Space,Leaf,Ground_Blue,Osmotic,-3.238452806932407
AT_Stress_Space,Leaf,Ground_Blue,Salt,-0.9022148336760625
AT_Stress_Space,Leaf,Ground_Blue,Biotic.Hormone,-7.862822133520319
AT_Stress_Space,Leaf,Ground_Blue,Hormone,-3.2786539194477857
AT_Stress_Space,Leaf,Ground_Blue,Light,2.553305107446002
AT_Stress_Space,Leaf,Ground_Blue,FarRed,-0.11534173689963664
AT_Stress_Space,Leaf,Ground_Blue,LowPH,1.941392243577799
AT_Stress_Space,Leaf,Ground_Blue,Nitrogen,-0.6987522983733252
AT_Stress_Space,Leaf,Ground_Blue,Cold,-2.6721865456237732
AT_Stress_Space,Leaf,Ground_Blue,FeDeficiency,-1.6964365384200402
AT_Stress_Space,Leaf,Ground_Blue,Herbicide,-1.5123807041548862
AT_Stress_Space,Leaf,Ground_Blue,UV,1.3820274001495731
AT_Stress_Space,Leaf,Ground_Blue,Wounding,-1.20313036025534
AT_Stress_Space,Leaf,Ground_Blue,Genotoxic,0.04349219346559275
AT_Stress_Space,Leaf,Ground_Blue,Drought.Light,-0.33107125983722874
AT_Stress_Space,Leaf,Ground_Blue,Radiation,-1.8083836695067195
AT_Stress_Space,Root,Ground_Blue,Drought,-6.818188945488946
AT_Stress_Space,Root,Ground_Blue,Hypoxia,3.348897288444312
AT_Stress_Space,Root,Ground_Blue,Heat,1.527646902982667
AT_Stress_Space,Root,Ground_Blue,Biotic,-23.03975472836844
AT_Stress_Space,Root,Ground_Blue,Osmotic,-2.168279002086567
AT_Stress_Space,Root,Ground_Blue,Salt,-1.2014309996327948
AT_Stress_Space,Root,Ground_Blue,Biotic.Hormone,-26.28689386660433
AT_Stress_Space,Root,Ground_Blue,Hormone,-5.744632707284242
AT_Stress_Space,Root,Ground_Blue,Light,7.869812830441333
AT_Stress_Space,Root,Ground_Blue,FarRed,0.17498977821069475
AT_Stress_Space,Root,Ground_Blue,LowPH,-2.2932876054676714
AT_Stress_Space,Root,Ground_Blue,Nitrogen,-1.0535586213038377
AT_Stress_Space,Root,Ground_Blue,Cold,-9.225281157921435
AT_Stress_Space,Root,Ground_Blue,FeDeficiency,0.28169965128943564
AT_Stress_Space,Root,Ground_Blue,Herbicide,-2.2703770337419793
AT_Stress_Space,Root,Ground_Blue,UV,1.110925166335811
AT_Stress_Space,Root,Ground_Blue,Wounding,-6.278932396953065
AT_Stress_Space,Root,Ground_Blue,Genotoxic,-6.641494245459362
AT_Stress_Space,Root,Ground_Blue,Drought.Light,-5.49865215318677
AT_Stress_Space,Root,Ground_Blue,Radiation,-0.12739179414261145
AT_Stress_Space,Leaf,Flight_Effect_Red,Drought,-10.520942787040852
AT_Stress_Space,Leaf,Flight_Effect_Red,Hypoxia,-14.204331197859762
AT_Stress_Space,Leaf,Flight_Effect_Red,Heat,-9.294284805425185
AT_Stress_Space,Leaf,Flight_Effect_Red,Biotic,7.707191685106025
AT_Stress_Space,Leaf,Flight_Effect_Red,Osmotic,-17.391560388214415
AT_Stress_Space,Leaf,Flight_Effect_Red,Salt,-1.4366657126721925
AT_Stress_Space,Leaf,Flight_Effect_Red,Biotic.Hormone,10.31966755029899
AT_Stress_Space,Leaf,Flight_Effect_Red,Hormone,-3.077785791277507
AT_Stress_Space,Leaf,Flight_Effect_Red,Light,-27.17274243332131
AT_Stress_Space,Leaf,Flight_Effect_Red,FarRed,-15.827777352887498
AT_Stress_Space,Leaf,Flight_Effect_Red,LowPH,-0.8787327271309158
AT_Stress_Space,Leaf,Flight_Effect_Red,Nitrogen,4.778666965697225
AT_Stress_Space,Leaf,Flight_Effect_Red,Cold,6.214975477402165
AT_Stress_Space,Leaf,Flight_Effect_Red,FeDeficiency,2.1027844963362416
AT_Stress_Space,Leaf,Flight_Effect_Red,Herbicide,0.6254960181951075
AT_Stress_Space,Leaf,Flight_Effect_Red,UV,-16.77098707210981
AT_Stress_Space,Leaf,Flight_Effect_Red,Wounding,-9.455772815138333
AT_Stress_Space,Leaf,Flight_Effect_Red,Genotoxic,-17.06223895593825
AT_Stress_Space,Leaf,Flight_Effect_Red,Drought.Light,-24.670975232824087
AT_Stress_Space,Leaf,Flight_Effect_Red,Radiation,-1.3589022496752772
AT_Stress_Space,Root,Flight_Effect_Red,Drought,6.012144905308813
AT_Stress_Space,Root,Flight_Effect_Red,Hypoxia,0.8415331813314058
AT_Stress_Space,Root,Flight_Effect_Red,Heat,1.5322292622247375
AT_Stress_Space,Root,Flight_Effect_Red,Biotic,9.895694308508167
AT_Stress_Space,Root,Flight_Effect_Red,Osmotic,4.745486181447016
AT_Stress_Space,Root,Flight_Effect_Red,Salt,0.4955139727191894
AT_Stress_Space,Root,Flight_Effect_Red,Biotic.Hormone,14.244683520198487
AT_Stress_Space,Root,Flight_Effect_Red,Hormone,12.07001340594506
AT_Stress_Space,Root,Flight_Effect_Red,Light,-11.240938741120619
AT_Stress_Space,Root,Flight_Effect_Red,FarRed,1.0652346935996646
AT_Stress_Space,Root,Flight_Effect_Red,LowPH,-3.83324003632361
AT_Stress_Space,Root,Flight_Effect_Red,Nitrogen,16.75759335557327
AT_Stress_Space,Root,Flight_Effect_Red,Cold,3.855277129245915
AT_Stress_Space,Root,Flight_Effect_Red,FeDeficiency,2.933046929297814
AT_Stress_Space,Root,Flight_Effect_Red,Herbicide,6.658440353884558
AT_Stress_Space,Root,Flight_Effect_Red,UV,3.13890072214045
AT_Stress_Space,Root,Flight_Effect_Red,Wounding,13.819413639950403
AT_Stress_Space,Root,Flight_Effect_Red,Genotoxic,-2.1342071944191634
AT_Stress_Space,Root,Flight_Effect_Red,Drought.Light,-1.9632969455171376
AT_Stress_Space,Root,Flight_Effect_Red,Radiation,5.6371524880261985
AT_Stress_Space,Leaf,Flight_Effect_Blue,Drought,-15.239813584642974
AT_Stress_Space,Leaf,Flight_Effect_Blue,Hypoxia,-9.929021495902955
AT_Stress_Space,Leaf,Flight_Effect_Blue,Heat,-16.916293390525304
AT_Stress_Space,Leaf,Flight_Effect_Blue,Biotic,16.923306344391253
AT_Stress_Space,Leaf,Flight_Effect_Blue,Osmotic,-11.424572921474947
AT_Stress_Space,Leaf,Flight_Effect_Blue,Salt,1.589007695205627
AT_Stress_Space,Leaf,Flight_Effect_Blue,Biotic.Hormone,10.084618929931043
AT_Stress_Space,Leaf,Flight_Effect_Blue,Hormone,1.703176848547251
AT_Stress_Space,Leaf,Flight_Effect_Blue,Light,-32.202075468767916
AT_Stress_Space,Leaf,Flight_Effect_Blue,FarRed,-23.676893476897177
AT_Stress_Space,Leaf,Flight_Effect_Blue,LowPH,-1.4287911214575701
AT_Stress_Space,Leaf,Flight_Effect_Blue,Nitrogen,2.7711433233059264
AT_Stress_Space,Leaf,Flight_Effect_Blue,Cold,-0.0507611506857355
AT_Stress_Space,Leaf,Flight_Effect_Blue,FeDeficiency,1.5332839399139446
AT_Stress_Space,Leaf,Flight_Effect_Blue,Herbicide,-3.5019978849614
AT_Stress_Space,Leaf,Flight_Effect_Blue,UV,-6.906844687445227
AT_Stress_Space,Leaf,Flight_Effect_Blue,Wounding,-0.8391779002943087
AT_Stress_Space,Leaf,Flight_Effect_Blue,Genotoxic,-4.357965142880608
AT_Stress_Space,Leaf,Flight_Effect_Blue,Drought.Light,-35.17232255796705
AT_Stress_Space,Leaf,Flight_Effect_Blue,Radiation,3.3718619339033196
AT_Stress_Space,Root,Flight_Effect_Blue,Drought,6.339982162865595
AT_Stress_Space,Root,Flight_Effect_Blue,Hypoxia,-12.953621248344561
AT_Stress_Space,Root,Flight_Effect_Blue,Heat,-16.73707009625181
AT_Stress_Space,Root,Flight_Effect_Blue,Biotic,41.8800440459769
AT_Stress_Space,Root,Flight_Effect_Blue,Osmotic,2.2560254424795008
AT_Stress_Space,Root,Flight_Effect_Blue,Salt,-4.654039498049079
AT_Stress_Space,Root,Flight_Effect_Blue,Biotic.Hormone,58.41930964888937
AT_Stress_Space,Root,Flight_Effect_Blue,Hormone,14.563613821475204
AT_Stress_Space,Root,Flight_Effect_Blue,Light,-29.141595756372045
AT_Stress_Space,Root,Flight_Effect_Blue,FarRed,-0.21394227176298009
AT_Stress_Space,Root,Flight_Effect_Blue,LowPH,-14.403878684185734
AT_Stress_Space,Root,Flight_Effect_Blue,Nitrogen,17.280992615089787
AT_Stress_Space,Root,Flight_Effect_Blue,Cold,13.633388772501753
AT_Stress_Space,Root,Flight_Effect_Blue,FeDeficiency,-4.331327026950371
AT_Stress_Space,Root,Flight_Effect_Blue,Herbicide,6.024781908745046
AT_Stress_Space,Root,Flight_Effect_Blue,UV,-4.324091796021835
AT_Stress_Space,Root,Flight_Effect_Blue,Wounding,11.14521805167626
AT_Stress_Space,Root,Flight_Effect_Blue,Genotoxic,5.56847092207889
AT_Stress_Space,Root,Flight_Effect_Blue,Drought.Light,-5.23640511398383
AT_Stress_Space,Root,Flight_Effect_Blue,Radiation,-0.16726253209648814
AT_Stress_Space,Leaf,Light_Effect_Flight,Drought,11.637332301134611
AT_Stress_Space,Leaf,Light_Effect_Flight,Hypoxia,-0.3408333950426172
AT_Stress_Space,Leaf,Light_Effect_Flight,Heat,6.768680322547835
AT_Stress_Space,Leaf,Light_Effect_Flight,Biotic,3.4313901453791615
AT_Stress_Space,Leaf,Light_Effect_Flight,Osmotic,-5.411257866076413
AT_Stress_Space,Leaf,Light_Effect_Flight,Salt,-3.150341112740448
AT_Stress_Space,Leaf,Light_Effect_Flight,Biotic.Hormone,4.4887172552002506
AT_Stress_Space,Leaf,Light_Effect_Flight,Hormone,-0.48926831973054186
AT_Stress_Space,Leaf,Light_Effect_Flight,Light,7.167283159633527
AT_Stress_Space,Leaf,Light_Effect_Flight,FarRed,5.971985661462465
AT_Stress_Space,Leaf,Light_Effect_Flight,LowPH,-0.8586973609408383
AT_Stress_Space,Leaf,Light_Effect_Flight,Nitrogen,1.5917143392112334
AT_Stress_Space,Leaf,Light_Effect_Flight,Cold,7.273424164950905
AT_Stress_Space,Leaf,Light_Effect_Flight,FeDeficiency,1.4222772526715162
AT_Stress_Space,Leaf,Light_Effect_Flight,Herbicide,5.749913908042455
AT_Stress_Space,Leaf,Light_Effect_Flight,UV,-10.994646664644307
AT_Stress_Space,Leaf,Light_Effect_Flight,Wounding,-8.952779579889562
AT_Stress_Space,Leaf,Light_Effect_Flight,Genotoxic,-13.75676320339824
AT_Stress_Space,Leaf,Light_Effect_Flight,Drought.Light,8.4733022067579
AT_Stress_Space,Leaf,Light_Effect_Flight,Radiation,-4.019144690834102
AT_Stress_Space,Root,Light_Effect_Flight,Drought,3.6637571324013427
AT_Stress_Space,Root,Light_Effect_Flight,Hypoxia,10.639645177232559
AT_Stress_Space,Root,Light_Effect_Flight,Heat,15.739149666314475
AT_Stress_Space,Root,Light_Effect_Flight,Biotic,-5.702128994909005
AT_Stress_Space,Root,Light_Effect_Flight,Osmotic,3.6547478132581204
AT_Stress_Space,Root,Light_Effect_Flight,Salt,5.254788270761068
AT_Stress_Space,Root,Light_Effect_Flight,Biotic.Hormone,-16.496561328384793
AT_Stress_Space,Root,Light_Effect_Flight,Hormone,2.9377072390832843
AT_Stress_Space,Root,Light_Effect_Flight,Light,9.2124981008158
AT_Stress_Space,Root,Light_Effect_Flight,FarRed,2.264591874973993
AT_Stress_Space,Root,Light_Effect_Flight,LowPH,14.024234033699672
AT_Stress_Space,Root,Light_Effect_Flight,Nitrogen,0.9606123417255041
AT_Stress_Space,Root,Light_Effect_Flight,Cold,-3.8630597022790716
AT_Stress_Space,Root,Light_Effect_Flight,FeDeficiency,8.168676840334205
AT_Stress_Space,Root,Light_Effect_Flight,Herbicide,2.8444570035041004
AT_Stress_Space,Root,Light_Effect_Flight,UV,6.51442962987131
AT_Stress_Space,Root,Light_Effect_Flight,Wounding,6.948820236464115
AT_Stress_Space,Root,Light_Effect_Flight,Genotoxic,-0.9894858539747189
AT_Stress_Space,Root,Light_Effect_Flight,Drought.Light,6.898466464571493
AT_Stress_Space,Root,Light_Effect_Flight,Radiation,4.688999358901898
AT_Stress_Space,Leaf,Light_Effect_Ground,Drought,6.91846150353249
AT_Stress_Space,Leaf,Light_Effect_Ground,Hypoxia,3.9344763069141897
AT_Stress_Space,Leaf,Light_Effect_Ground,Heat,-0.8533282625522847
AT_Stress_Space,Leaf,Light_Effect_Ground,Biotic,12.64750480466439
AT_Stress_Space,Leaf,Light_Effect_Ground,Osmotic,0.5557296006630557
AT_Stress_Space,Leaf,Light_Effect_Ground,Salt,-0.12466770486262901
AT_Stress_Space,Leaf,Light_Effect_Ground,Biotic.Hormone,4.253668634832304
AT_Stress_Space,Leaf,Light_Effect_Ground,Hormone,4.291694320094216
AT_Stress_Space,Leaf,Light_Effect_Ground,Light,2.1379501241869217
AT_Stress_Space,Leaf,Light_Effect_Ground,FarRed,-1.8771304625472152
AT_Stress_Space,Leaf,Light_Effect_Ground,LowPH,-1.4087557552674927
AT_Stress_Space,Leaf,Light_Effect_Ground,Nitrogen,-0.4158093031800645
AT_Stress_Space,Leaf,Light_Effect_Ground,Cold,1.007687536863004
AT_Stress_Space,Leaf,Light_Effect_Ground,FeDeficiency,0.8527766962492193
AT_Stress_Space,Leaf,Light_Effect_Ground,Herbicide,1.6224200048859478
AT_Stress_Space,Leaf,Light_Effect_Ground,UV,-1.1305042799797234
AT_Stress_Space,Leaf,Light_Effect_Ground,Wounding,-0.3361846650455387
AT_Stress_Space,Leaf,Light_Effect_Ground,Genotoxic,-1.0524893903406016
AT_Stress_Space,Leaf,Light_Effect_Ground,Drought.Light,-2.0280451183850627
AT_Stress_Space,Leaf,Light_Effect_Ground,Radiation,0.7116194927444945
AT_Stress_Space,Root,Light_Effect_Ground,Drought,3.991594389958124
AT_Stress_Space,Root,Light_Effect_Ground,Hypoxia,-3.1555092524434083
AT_Stress_Space,Root,Light_Effect_Ground,Heat,-2.530149692162074
AT_Stress_Space,Root,Light_Effect_Ground,Biotic,26.282220742559726
AT_Stress_Space,Root,Light_Effect_Ground,Osmotic,1.165287074290605
AT_Stress_Space,Root,Light_Effect_Ground,Salt,0.10523479999279983
AT_Stress_Space,Root,Light_Effect_Ground,Biotic.Hormone,27.678064800306085
AT_Stress_Space,Root,Light_Effect_Ground,Hormone,5.431307654613429
AT_Stress_Space,Root,Light_Effect_Ground,Light,-8.688158914435625
AT_Stress_Space,Root,Light_Effect_Ground,FarRed,0.9854149096113484
AT_Stress_Space,Root,Light_Effect_Ground,LowPH,3.4535953858375468
AT_Stress_Space,Root,Light_Effect_Ground,Nitrogen,1.4840116012420181
AT_Stress_Space,Root,Light_Effect_Ground,Cold,5.915051940976766
AT_Stress_Space,Root,Light_Effect_Ground,FeDeficiency,0.9043028840860208
AT_Stress_Space,Root,Light_Effect_Ground,Herbicide,2.210798558364589
AT_Stress_Space,Root,Light_Effect_Ground,UV,-0.9485628882909755
AT_Stress_Space,Root,Light_Effect_Ground,Wounding,4.274624648189972
AT_Stress_Space,Root,Light_Effect_Ground,Genotoxic,6.713192262523335
AT_Stress_Space,Root,Light_Effect_Ground,Drought.Light,3.6253582961048014
AT_Stress_Space,Root,Light_Effect_Ground,Radiation,-1.115415661220788
AT_Stress_Space,Leaf,Interaction,Drought,4.718870797602122
AT_Stress_Space,Leaf,Interaction,Hypoxia,-4.275309701956807
AT_Stress_Space,Leaf,Interaction,Heat,7.622008585100119
AT_Stress_Space,Leaf,Interaction,Biotic,-9.216114659285228
AT_Stress_Space,Leaf,Interaction,Osmotic,-5.966987466739468
AT_Stress_Space,Leaf,Interaction,Salt,-3.0256734078778194
AT_Stress_Space,Leaf,Interaction,Biotic.Hormone,0.23504862036794627
AT_Stress_Space,Leaf,Interaction,Hormone,-4.780962639824758
AT_Stress_Space,Leaf,Interaction,Light,5.029333035446605
AT_Stress_Space,Leaf,Interaction,FarRed,7.849116124009679
AT_Stress_Space,Leaf,Interaction,LowPH,0.5500583943266544
AT_Stress_Space,Leaf,Interaction,Nitrogen,2.0075236423912983
AT_Stress_Space,Leaf,Interaction,Cold,6.2657366280879
AT_Stress_Space,Leaf,Interaction,FeDeficiency,0.569500556422297
AT_Stress_Space,Leaf,Interaction,Herbicide,4.127493903156507
AT_Stress_Space,Leaf,Interaction,UV,-9.864142384664584
AT_Stress_Space,Leaf,Interaction,Wounding,-8.616594914844026
AT_Stress_Space,Leaf,Interaction,Genotoxic,-12.70427381305764
AT_Stress_Space,Leaf,Interaction,Drought.Light,10.501347325142962
AT_Stress_Space,Leaf,Interaction,Radiation,-4.7307641835785965
AT_Stress_Space,Root,Interaction,Drought,-0.32783725755678184
AT_Stress_Space,Root,Interaction,Hypoxia,13.795154429675966
AT_Stress_Space,Root,Interaction,Heat,18.269299358476548
AT_Stress_Space,Root,Interaction,Biotic,-31.984349737468733
AT_Stress_Space,Root,Interaction,Osmotic,2.4894607389675154
AT_Stress_Space,Root,Interaction,Salt,5.149553470768269
AT_Stress_Space,Root,Interaction,Biotic.Hormone,-44.17462612869088
AT_Stress_Space,Root,Interaction,Hormone,-2.4936004155301443
AT_Stress_Space,Root,Interaction,Light,17.900657015251426
AT_Stress_Space,Root,Interaction,FarRed,1.2791769653626446
AT_Stress_Space,Root,Interaction,LowPH,10.570638647862125
AT_Stress_Space,Root,Interaction,Nitrogen,-0.5233992595165162
AT_Stress_Space,Root,Interaction,Cold,-9.778111643255839
AT_Stress_Space,Root,Interaction,FeDeficiency,7.264373956248185
AT_Stress_Space,Root,Interaction,Herbicide,0.6336584451395115
AT_Stress_Space,Root,Interaction,UV,7.462992518162285
AT_Stress_Space,Root,Interaction,Wounding,2.6741955882741433
AT_Stress_Space,Root,Interaction,Genotoxic,-7.702678116498054
AT_Stress_Space,Root,Interaction,Drought.Light,3.2731081684666923
AT_Stress_Space,Root,Interaction,Radiation,5.804415020122686
AT_Stress_Meta,Leaf,Flight_Red,DrouSaTic,-8.89136215653296
AT_Stress_Meta,Leaf,Flight_Red,Hypoxia,-9.789032008380467
AT_Stress_Meta,Leaf,Flight_Red,Heat,-10.31444103405549
AT_Stress_Meta,Leaf,Flight_Red,BioMone,3.0683941468153226
AT_Stress_Meta,Leaf,Flight_Red,LighUV,-24.29087941546684
AT_Stress_Meta,Leaf,Flight_Red,FarRed,-17.82024955233435
AT_Stress_Meta,Leaf,Flight_Red,LowPH,-0.34609623882060936
AT_Stress_Meta,Leaf,Flight_Red,Nitrogen,3.664105364143835
AT_Stress_Meta,Leaf,Flight_Red,Cold,4.550476468641396
AT_Stress_Meta,Leaf,Flight_Red,FeDeficiency,1.2591246541654206
AT_Stress_Meta,Leaf,Flight_Red,Herbicide,0.7355353189261691
AT_Stress_Meta,Leaf,Flight_Red,Wounding,-10.995087840439211
AT_Stress_Meta,Leaf,Flight_Red,Genotoxic,-18.071236152813256
AT_Stress_Meta,Leaf,Flight_Red,Drought.Light,-27.03009161104638
AT_Stress_Meta,Leaf,Flight_Red,Radiation,-2.455666426437502
AT_Stress_Meta,Root,Flight_Red,DrouSaTic,2.222938861145853
AT_Stress_Meta,Root,Flight_Red,Hypoxia,1.0349212173323095
AT_Stress_Meta,Root,Flight_Red,Heat,0.5297264730453306
AT_Stress_Meta,Root,Flight_Red,BioMone,16.22376450209855
AT_Stress_Meta,Root,Flight_Red,LighUV,-6.0163718152541215
AT_Stress_Meta,Root,Flight_Red,FarRed,2.2256393814217077
AT_Stress_Meta,Root,Flight_Red,LowPH,-2.6729322559537345
AT_Stress_Meta,Root,Flight_Red,Nitrogen,17.18804633551145
AT_Stress_Meta,Root,Flight_Red,Cold,0.5450479123012459
AT_Stress_Meta,Root,Flight_Red,FeDeficiency,4.11904946467327
AT_Stress_Meta,Root,Flight_Red,Herbicide,6.598861878507167
AT_Stress_Meta,Root,Flight_Red,Wounding,11.81510589118731
AT_Stress_Meta,Root,Flight_Red,Genotoxic,-2.0625091773551905
AT_Stress_Meta,Root,Flight_Red,Drought.Light,-3.836590802599106
AT_Stress_Meta,Root,Flight_Red,Radiation,4.394345032662799
AT_Stress_Meta,Leaf,Flight_Blue,DrouSaTic,-6.840641364986052
AT_Stress_Meta,Leaf,Flight_Blue,Hypoxia,-9.44819861333785
AT_Stress_Meta,Leaf,Flight_Blue,Heat,-17.083121356603325
AT_Stress_Meta,Leaf,Flight_Blue,BioMone,1.9781151375069896
AT_Stress_Meta,Leaf,Flight_Blue,LighUV,-21.743521093457314
AT_Stress_Meta,Leaf,Flight_Blue,FarRed,-23.792235213796815
AT_Stress_Meta,Leaf,Flight_Blue,LowPH,0.5126011221202289
AT_Stress_Meta,Leaf,Flight_Blue,Nitrogen,2.0723910249326014
AT_Stress_Meta,Leaf,Flight_Blue,Cold,-2.7229476963095087
AT_Stress_Meta,Leaf,Flight_Blue,FeDeficiency,-0.16315259850609545
AT_Stress_Meta,Leaf,Flight_Blue,Herbicide,-5.014378589116286
AT_Stress_Meta,Leaf,Flight_Blue,Wounding,-2.0423082605496488
AT_Stress_Meta,Leaf,Flight_Blue,Genotoxic,-4.314472949415015
AT_Stress_Meta,Leaf,Flight_Blue,Drought.Light,-35.50339381780428
AT_Stress_Meta,Leaf,Flight_Blue,Radiation,1.5634782643966
AT_Stress_Meta,Root,Flight_Blue,DrouSaTic,-3.4113292865907088
AT_Stress_Meta,Root,Flight_Blue,Hypoxia,-9.60472395990025
AT_Stress_Meta,Root,Flight_Blue,Heat,-15.209423193269144
AT_Stress_Meta,Root,Flight_Blue,BioMone,17.256198926478135
AT_Stress_Meta,Root,Flight_Blue,LighUV,-13.616278237251025
AT_Stress_Meta,Root,Flight_Blue,FarRed,-0.03895249355228533
AT_Stress_Meta,Root,Flight_Blue,LowPH,-16.697166289653406
AT_Stress_Meta,Root,Flight_Blue,Nitrogen,16.227433993785947
AT_Stress_Meta,Root,Flight_Blue,Cold,4.4081076145803175
AT_Stress_Meta,Root,Flight_Blue,FeDeficiency,-4.049627375660935
AT_Stress_Meta,Root,Flight_Blue,Herbicide,3.7544048750030665
AT_Stress_Meta,Root,Flight_Blue,Wounding,4.866285654723194
AT_Stress_Meta,Root,Flight_Blue,Genotoxic,-1.0730233233804716
AT_Stress_Meta,Root,Flight_Blue,Drought.Light,-10.7350572671706
AT_Stress_Meta,Root,Flight_Blue,Radiation,-0.2946543262390996
AT_Stress_Meta,Leaf,Ground_Red,DrouSaTic,-0.6369861271106104
AT_Stress_Meta,Leaf,Ground_Red,Hypoxia,4.415299189479295
AT_Stress_Meta,Leaf,Ground_Red,Heat,-1.0201562286303048
AT_Stress_Meta,Leaf,Ground_Red,BioMone,1.8313918597139338
AT_Stress_Meta,Leaf,Ground_Red,LighUV,2.9420173625171664
AT_Stress_Meta,Leaf,Ground_Red,FarRed,-1.9924721994468517
AT_Stress_Meta,Leaf,Ground_Red,LowPH,0.5326364883103064
AT_Stress_Meta,Leaf,Ground_Red,Nitrogen,-1.1145616015533897
AT_Stress_Meta,Leaf,Ground_Red,Cold,-1.6644990087607692
AT_Stress_Meta,Leaf,Ground_Red,FeDeficiency,-0.8436598421708209
AT_Stress_Meta,Leaf,Ground_Red,Herbicide,0.11003930073106165
AT_Stress_Meta,Leaf,Ground_Red,Wounding,-1.5393150253008787
AT_Stress_Meta,Leaf,Ground_Red,Genotoxic,-1.0089971968750089
AT_Stress_Meta,Leaf,Ground_Red,Drought.Light,-2.3591163782222915
AT_Stress_Meta,Leaf,Ground_Red,Radiation,-1.096764176762225
AT_Stress_Meta,Root,Ground_Red,DrouSaTic,-2.443323429300339
AT_Stress_Meta,Root,Ground_Red,Hypoxia,0.1933880360009037
AT_Stress_Meta,Root,Ground_Red,Heat,-1.002502789179407
AT_Stress_Meta,Root,Ground_Red,BioMone,0.8572440068662269
AT_Stress_Meta,Root,Ground_Red,LighUV,-0.5546163390170081
AT_Stress_Meta,Root,Ground_Red,FarRed,1.160404687822043
AT_Stress_Meta,Root,Ground_Red,LowPH,1.1603077803698754
AT_Stress_Meta,Root,Ground_Red,Nitrogen,0.4304529799381805
AT_Stress_Meta,Root,Ground_Red,Cold,-3.310229216944669
AT_Stress_Meta,Root,Ground_Red,FeDeficiency,1.1860025353754564
AT_Stress_Meta,Root,Ground_Red,Herbicide,-0.059578475377390486
AT_Stress_Meta,Root,Ground_Red,Wounding,-2.0043077487630936
AT_Stress_Meta,Root,Ground_Red,Genotoxic,0.07169801706397272
AT_Stress_Meta,Root,Ground_Red,Drought.Light,-1.8732938570819684
AT_Stress_Meta,Root,Ground_Red,Radiation,-1.2428074553633994
AT_Stress_Meta,Leaf,Ground_Blue,DrouSaTic,-4.898114084730361
AT_Stress_Meta,Leaf,Ground_Blue,Hypoxia,0.4808228825651049
AT_Stress_Meta,Leaf,Ground_Blue,Heat,-0.1668279660780201
AT_Stress_Meta,Leaf,Ground_Blue,BioMone,-7.210845709666053
AT_Stress_Meta,Leaf,Ground_Blue,LighUV,2.516511285089687
AT_Stress_Meta,Leaf,Ground_Blue,FarRed,-0.11534173689963664
AT_Stress_Meta,Leaf,Ground_Blue,LowPH,1.941392243577799
AT_Stress_Meta,Leaf,Ground_Blue,Nitrogen,-0.6987522983733252
AT_Stress_Meta,Leaf,Ground_Blue,Cold,-2.6721865456237732
AT_Stress_Meta,Leaf,Ground_Blue,FeDeficiency,-1.6964365384200402
AT_Stress_Meta,Leaf,Ground_Blue,Herbicide,-1.5123807041548862
AT_Stress_Meta,Leaf,Ground_Blue,Wounding,-1.20313036025534
AT_Stress_Meta,Leaf,Ground_Blue,Genotoxic,0.04349219346559275
AT_Stress_Meta,Leaf,Ground_Blue,Drought.Light,-0.33107125983722874
AT_Stress_Meta,Leaf,Ground_Blue,Radiation,-1.8083836695067195
AT_Stress_Meta,Root,Ground_Blue,DrouSaTic,-6.454213540546088
AT_Stress_Meta,Root,Ground_Blue,Hypoxia,3.348897288444312
AT_Stress_Meta,Root,Ground_Blue,Heat,1.527646902982667
AT_Stress_Meta,Root,Ground_Blue,BioMone,-16.713414406157867
AT_Stress_Meta,Root,Ground_Blue,LighUV,6.039732395869057
AT_Stress_Meta,Root,Ground_Blue,FarRed,0.17498977821069475
AT_Stress_Meta,Root,Ground_Blue,LowPH,-2.2932876054676714
AT_Stress_Meta,Root,Ground_Blue,Nitrogen,-1.0535586213038377
AT_Stress_Meta,Root,Ground_Blue,Cold,-9.225281157921435
AT_Stress_Meta,Root,Ground_Blue,FeDeficiency,0.28169965128943564
AT_Stress_Meta,Root,Ground_Blue,Herbicide,-2.2703770337419793
AT_Stress_Meta,Root,Ground_Blue,Wounding,-6.278932396953065
AT_Stress_Meta,Root,Ground_Blue,Genotoxic,-6.641494245459362
AT_Stress_Meta,Root,Ground_Blue,Drought.Light,-5.49865215318677
AT_Stress_Meta,Root,Ground_Blue,Radiation,-0.12739179414261145
AT_Stress_Meta,Leaf,Flight_Effect_Red,DrouSaTic,-8.25437602942235
AT_Stress_Meta,Leaf,Flight_Effect_Red,Hypoxia,-14.204331197859762
AT_Stress_Meta,Leaf,Flight_Effect_Red,Heat,-9.294284805425185
AT_Stress_Meta,Leaf,Flight_Effect_Red,BioMone,1.2370022871013888
AT_Stress_Meta,Leaf,Flight_Effect_Red,LighUV,-27.232896777984006
AT_Stress_Meta,Leaf,Flight_Effect_Red,FarRed,-15.827777352887498
AT_Stress_Meta,Leaf,Flight_Effect_Red,LowPH,-0.8787327271309158
AT_Stress_Meta,Leaf,Flight_Effect_Red,Nitrogen,4.778666965697225
AT_Stress_Meta,Leaf,Flight_Effect_Red,Cold,6.214975477402165
AT_Stress_Meta,Leaf,Flight_Effect_Red,FeDeficiency,2.1027844963362416
AT_Stress_Meta,Leaf,Flight_Effect_Red,Herbicide,0.6254960181951075
AT_Stress_Meta,Leaf,Flight_Effect_Red,Wounding,-9.455772815138333
AT_Stress_Meta,Leaf,Flight_Effect_Red,Genotoxic,-17.06223895593825
AT_Stress_Meta,Leaf,Flight_Effect_Red,Drought.Light,-24.670975232824087
AT_Stress_Meta,Leaf,Flight_Effect_Red,Radiation,-1.3589022496752772
AT_Stress_Meta,Root,Flight_Effect_Red,DrouSaTic,4.666262290446192
AT_Stress_Meta,Root,Flight_Effect_Red,Hypoxia,0.8415331813314058
AT_Stress_Meta,Root,Flight_Effect_Red,Heat,1.5322292622247375
AT_Stress_Meta,Root,Flight_Effect_Red,BioMone,15.366520495232324
AT_Stress_Meta,Root,Flight_Effect_Red,LighUV,-5.461755476237113
AT_Stress_Meta,Root,Flight_Effect_Red,FarRed,1.0652346935996646
AT_Stress_Meta,Root,Flight_Effect_Red,LowPH,-3.83324003632361
AT_Stress_Meta,Root,Flight_Effect_Red,Nitrogen,16.75759335557327
AT_Stress_Meta,Root,Flight_Effect_Red,Cold,3.855277129245915
AT_Stress_Meta,Root,Flight_Effect_Red,FeDeficiency,2.933046929297814
AT_Stress_Meta,Root,Flight_Effect_Red,Herbicide,6.658440353884558
AT_Stress_Meta,Root,Flight_Effect_Red,Wounding,13.819413639950403
AT_Stress_Meta,Root,Flight_Effect_Red,Genotoxic,-2.1342071944191634
AT_Stress_Meta,Root,Flight_Effect_Red,Drought.Light,-1.9632969455171376
AT_Stress_Meta,Root,Flight_Effect_Red,Radiation,5.6371524880261985
AT_Stress_Meta,Leaf,Flight_Effect_Blue,DrouSaTic,-1.9425272802556908
AT_Stress_Meta,Leaf,Flight_Effect_Blue,Hypoxia,-9.929021495902955
AT_Stress_Meta,Leaf,Flight_Effect_Blue,Heat,-16.916293390525304
AT_Stress_Meta,Leaf,Flight_Effect_Blue,BioMone,9.188960847173043
AT_Stress_Meta,Leaf,Flight_Effect_Blue,LighUV,-24.260032378547002
AT_Stress_Meta,Leaf,Flight_Effect_Blue,FarRed,-23.676893476897177
AT_Stress_Meta,Leaf,Flight_Effect_Blue,LowPH,-1.4287911214575701
AT_Stress_Meta,Leaf,Flight_Effect_Blue,Nitrogen,2.7711433233059264
AT_Stress_Meta,Leaf,Flight_Effect_Blue,Cold,-0.0507611506857355
AT_Stress_Meta,Leaf,Flight_Effect_Blue,FeDeficiency,1.5332839399139446
AT_Stress_Meta,Leaf,Flight_Effect_Blue,Herbicide,-3.5019978849614
AT_Stress_Meta,Leaf,Flight_Effect_Blue,Wounding,-0.8391779002943087
AT_Stress_Meta,Leaf,Flight_Effect_Blue,Genotoxic,-4.357965142880608
AT_Stress_Meta,Leaf,Flight_Effect_Blue,Drought.Light,-35.17232255796705
AT_Stress_Meta,Leaf,Flight_Effect_Blue,Radiation,3.3718619339033196
AT_Stress_Meta,Root,Flight_Effect_Blue,DrouSaTic,3.0428842539553793
AT_Stress_Meta,Root,Flight_Effect_Blue,Hypoxia,-12.953621248344561
AT_Stress_Meta,Root,Flight_Effect_Blue,Heat,-16.73707009625181
AT_Stress_Meta,Root,Flight_Effect_Blue,BioMone,33.969613332636
AT_Stress_Meta,Root,Flight_Effect_Blue,LighUV,-19.656010633120083
AT_Stress_Meta,Root,Flight_Effect_Blue,FarRed,-0.21394227176298009
AT_Stress_Meta,Root,Flight_Effect_Blue,LowPH,-14.403878684185734
AT_Stress_Meta,Root,Flight_Effect_Blue,Nitrogen,17.280992615089787
AT_Stress_Meta,Root,Flight_Effect_Blue,Cold,13.633388772501753
AT_Stress_Meta,Root,Flight_Effect_Blue,FeDeficiency,-4.331327026950371
AT_Stress_Meta,Root,Flight_Effect_Blue,Herbicide,6.024781908745046
AT_Stress_Meta,Root,Flight_Effect_Blue,Wounding,11.14521805167626
AT_Stress_Meta,Root,Flight_Effect_Blue,Genotoxic,5.56847092207889
AT_Stress_Meta,Root,Flight_Effect_Blue,Drought.Light,-5.23640511398383
AT_Stress_Meta,Root,Flight_Effect_Blue,Radiation,-0.16726253209648814
AT_Stress_Meta,Leaf,Light_Effect_Flight,DrouSaTic,2.050720791546908
AT_Stress_Meta,Leaf,Light_Effect_Flight,Hypoxia,0.3408333950426172
AT_Stress_Meta,Leaf,Light_Effect_Flight,Heat,-6.768680322547835
AT_Stress_Meta,Leaf,Light_Effect_Flight,BioMone,-1.090279009308333
AT_Stress_Meta,Leaf,Light_Effect_Flight,LighUV,2.5473583220095257
AT_Stress_Meta,Leaf,Light_Effect_Flight,FarRed,-5.971985661462465
AT_Stress_Meta,Leaf,Light_Effect_Flight,LowPH,0.8586973609408383
AT_Stress_Meta,Leaf,Light_Effect_Flight,Nitrogen,-1.5917143392112334
AT_Stress_Meta,Leaf,Light_Effect_Flight,Cold,-7.273424164950905
AT_Stress_Meta,Leaf,Light_Effect_Flight,FeDeficiency,-1.4222772526715162
AT_Stress_Meta,Leaf,Light_Effect_Flight,Herbicide,-5.749913908042455
AT_Stress_Meta,Leaf,Light_Effect_Flight,Wounding,8.952779579889562
AT_Stress_Meta,Leaf,Light_Effect_Flight,Genotoxic,13.75676320339824
AT_Stress_Meta,Leaf,Light_Effect_Flight,Drought.Light,-8.4733022067579
AT_Stress_Meta,Leaf,Light_Effect_Flight,Radiation,4.019144690834102
AT_Stress_Meta,Root,Light_Effect_Flight,DrouSaTic,-5.634268147736561
AT_Stress_Meta,Root,Light_Effect_Flight,Hypoxia,-10.639645177232559
AT_Stress_Meta,Root,Light_Effect_Flight,Heat,-15.739149666314475
AT_Stress_Meta,Root,Light_Effect_Flight,BioMone,1.0324344243795842
AT_Stress_Meta,Root,Light_Effect_Flight,LighUV,-7.599906421996904
AT_Stress_Meta,Root,Light_Effect_Flight,FarRed,-2.264591874973993
AT_Stress_Meta,Root,Light_Effect_Flight,LowPH,-14.024234033699672
AT_Stress_Meta,Root,Light_Effect_Flight,Nitrogen,-0.9606123417255041
AT_Stress_Meta,Root,Light_Effect_Flight,Cold,3.8630597022790716
AT_Stress_Meta,Root,Light_Effect_Flight,FeDeficiency,-8.168676840334205
AT_Stress_Meta,Root,Light_Effect_Flight,Herbicide,-2.8444570035041004
AT_Stress_Meta,Root,Light_Effect_Flight,Wounding,-6.948820236464115
AT_Stress_Meta,Root,Light_Effect_Flight,Genotoxic,0.9894858539747189
AT_Stress_Meta,Root,Light_Effect_Flight,Drought.Light,-6.898466464571493
AT_Stress_Meta,Root,Light_Effect_Flight,Radiation,-4.688999358901898
AT_Stress_Meta,Leaf,Light_Effect_Ground,DrouSaTic,-4.261127957619751
AT_Stress_Meta,Leaf,Light_Effect_Ground,Hypoxia,-3.9344763069141897
AT_Stress_Meta,Leaf,Light_Effect_Ground,Heat,0.8533282625522847
AT_Stress_Meta,Leaf,Light_Effect_Ground,BioMone,-9.042237569379987
AT_Stress_Meta,Leaf,Light_Effect_Ground,LighUV,-0.4255060774274795
AT_Stress_Meta,Leaf,Light_Effect_Ground,FarRed,1.8771304625472152
AT_Stress_Meta,Leaf,Light_Effect_Ground,LowPH,1.4087557552674927
AT_Stress_Meta,Leaf,Light_Effect_Ground,Nitrogen,0.4158093031800645
AT_Stress_Meta,Leaf,Light_Effect_Ground,Cold,-1.007687536863004
AT_Stress_Meta,Leaf,Light_Effect_Ground,FeDeficiency,-0.8527766962492193
AT_Stress_Meta,Leaf,Light_Effect_Ground,Herbicide,-1.6224200048859478
AT_Stress_Meta,Leaf,Light_Effect_Ground,Wounding,0.3361846650455387
AT_Stress_Meta,Leaf,Light_Effect_Ground,Genotoxic,1.0524893903406016
AT_Stress_Meta,Leaf,Light_Effect_Ground,Drought.Light,2.0280451183850627
AT_Stress_Meta,Leaf,Light_Effect_Ground,Radiation,-0.7116194927444945
AT_Stress_Meta,Root,Light_Effect_Ground,DrouSaTic,-4.0108901112457485
AT_Stress_Meta,Root,Light_Effect_Ground,Hypoxia,3.1555092524434083
AT_Stress_Meta,Root,Light_Effect_Ground,Heat,2.530149692162074
AT_Stress_Meta,Root,Light_Effect_Ground,BioMone,-17.570658413024095
AT_Stress_Meta,Root,Light_Effect_Ground,LighUV,6.594348734886066
AT_Stress_Meta,Root,Light_Effect_Ground,FarRed,-0.9854149096113484
AT_Stress_Meta,Root,Light_Effect_Ground,LowPH,-3.4535953858375468
AT_Stress_Meta,Root,Light_Effect_Ground,Nitrogen,-1.4840116012420181
AT_Stress_Meta,Root,Light_Effect_Ground,Cold,-5.915051940976766
AT_Stress_Meta,Root,Light_Effect_Ground,FeDeficiency,-0.9043028840860208
AT_Stress_Meta,Root,Light_Effect_Ground,Herbicide,-2.210798558364589
AT_Stress_Meta,Root,Light_Effect_Ground,Wounding,-4.274624648189972
AT_Stress_Meta,Root,Light_Effect_Ground,Genotoxic,-6.713192262523335
AT_Stress_Meta,Root,Light_Effect_Ground,Drought.Light,-3.6253582961048014
AT_Stress_Meta,Root,Light_Effect_Ground,Radiation,1.115415661220788
AT_Stress_Meta,Leaf,Interaction,DrouSaTic,6.311848749166659
AT_Stress_Meta,Leaf,Interaction,Hypoxia,4.275309701956807
AT_Stress_Meta,Leaf,Interaction,Heat,-7.6220085851001205
AT_Stress_Meta,Leaf,Interaction,BioMone,7.951958560071654
AT_Stress_Meta,Leaf,Interaction,LighUV,2.972864399437005
AT_Stress_Meta,Leaf,Interaction,FarRed,-7.84911612400968
AT_Stress_Meta,Leaf,Interaction,LowPH,-0.5500583943266545
AT_Stress_Meta,Leaf,Interaction,Nitrogen,-2.007523642391298
AT_Stress_Meta,Leaf,Interaction,Cold,-6.2657366280879
AT_Stress_Meta,Leaf,Interaction,FeDeficiency,-0.5695005564222969
AT_Stress_Meta,Leaf,Interaction,Herbicide,-4.127493903156507
AT_Stress_Meta,Leaf,Interaction,Wounding,8.616594914844024
AT_Stress_Meta,Leaf,Interaction,Genotoxic,12.704273813057638
AT_Stress_Meta,Leaf,Interaction,Drought.Light,-10.501347325142962
AT_Stress_Meta,Leaf,Interaction,Radiation,4.7307641835785965
AT_Stress_Meta,Root,Interaction,DrouSaTic,-1.6233780364908128
AT_Stress_Meta,Root,Interaction,Hypoxia,-13.795154429675968
AT_Stress_Meta,Root,Interaction,Heat,-18.269299358476548
AT_Stress_Meta,Root,Interaction,BioMone,18.60309283740368
AT_Stress_Meta,Root,Interaction,LighUV,-14.19425515688297
AT_Stress_Meta,Root,Interaction,FarRed,-1.2791769653626446
AT_Stress_Meta,Root,Interaction,LowPH,-10.570638647862125
AT_Stress_Meta,Root,Interaction,Nitrogen,0.523399259516514
AT_Stress_Meta,Root,Interaction,Cold,9.778111643255837
AT_Stress_Meta,Root,Interaction,FeDeficiency,-7.264373956248185
AT_Stress_Meta,Root,Interaction,Herbicide,-0.6336584451395115
AT_Stress_Meta,Root,Interaction,Wounding,-2.6741955882741433
AT_Stress_Meta,Root,Interaction,Genotoxic,7.702678116498054
AT_Stress_Meta,Root,Interaction,Drought.Light,-3.273108168466692
AT_Stress_Meta,Root,Interaction,Radiation,-5.804415020122686
AT_RNAseq,Leaf,Flight_Red,Biotic,0.34329410577285624
AT_RNAseq,Leaf,Flight_Red,UV,-1.0812944960561244
AT_RNAseq,Leaf,Flight_Red,Drought,-0.2807586891414534
AT_RNAseq,Leaf,Flight_Red,Biotic.Drought,-0.1660628171527065
AT_RNAseq,Leaf,Flight_Red,Biotic.Biotic,4.8023043191851995
AT_RNAseq,Leaf,Flight_Red,Drought.Biotic,3.9863718350688973
AT_RNAseq,Leaf,Flight_Red,Hormone,-8.531440070087584
AT_RNAseq,Root,Flight_Red,Biotic,12.267037294135958
AT_RNAseq,Root,Flight_Red,UV,-0.19726720582243282
AT_RNAseq,Root,Flight_Red,Drought,-2.7464362965964364
AT_RNAseq,Root,Flight_Red,Biotic.Drought,-0.5782518671182093
AT_RNAseq,Root,Flight_Red,Biotic.Biotic,14.12993440602173
AT_RNAseq,Root,Flight_Red,Drought.Biotic,2.3173030458501054
AT_RNAseq,Root,Flight_Red,Hormone,1.588570083230747
AT_RNAseq,Leaf,Flight_Blue,Biotic,0.7625820601051925
AT_RNAseq,Leaf,Flight_Blue,UV,0.3441442599419811
AT_RNAseq,Leaf,Flight_Blue,Drought,-15.068394158826575
AT_RNAseq,Leaf,Flight_Blue,Biotic.Drought,-15.707187970242424
AT_RNAseq,Leaf,Flight_Blue,Biotic.Biotic,6.430421478716668
AT_RNAseq,Leaf,Flight_Blue,Drought.Biotic,4.078349856869256
AT_RNAseq,Leaf,Flight_Blue,Hormone,-20.03706232398621
AT_RNAseq,Root,Flight_Blue,Biotic,13.047149395346423
AT_RNAseq,Root,Flight_Blue,UV,-1.2444555627518412
AT_RNAseq,Root,Flight_Blue,Drought,-3.175141324158839
AT_RNAseq,Root,Flight_Blue,Biotic.Drought,-1.8287570253894765
AT_RNAseq,Root,Flight_Blue,Biotic.Biotic,26.55879926551637
AT_RNAseq,Root,Flight_Blue,Drought.Biotic,7.701599961387021
AT_RNAseq,Root,Flight_Blue,Hormone,2.844269948687317
AT_RNAseq,Leaf,Ground_Red,Biotic,2.42133454671013
AT_RNAseq,Leaf,Ground_Red,UV,-1.6598376251649394
AT_RNAseq,Leaf,Ground_Red,Drought,3.359180005762082
AT_RNAseq,Leaf,Ground_Red,Biotic.Drought,3.2383893658290592
AT_RNAseq,Leaf,Ground_Red,Biotic.Biotic,-6.021347921997474
AT_RNAseq,Leaf,Ground_Red,Drought.Biotic,0.40739966534121524
AT_RNAseq,Leaf,Ground_Red,Hormone,-1.5897308617842847
AT_RNAseq,Root,Ground_Red,Biotic,0.7410582202860024
AT_RNAseq,Root,Ground_Red,UV,-0.14359701875480582
AT_RNAseq,Root,Ground_Red,Drought,-0.8159240550757004
AT_RNAseq,Root,Ground_Red,Biotic.Drought,-0.974560744379255
AT_RNAseq,Root,Ground_Red,Biotic.Biotic,-2.342002718771124
AT_RNAseq,Root,Ground_Red,Drought.Biotic,-2.1606129562665064
AT_RNAseq,Root,Ground_Red,Hormone,-0.27369181616535004
AT_RNAseq,Leaf,Ground_Blue,Biotic,-6.434989119490203
AT_RNAseq,Leaf,Ground_Blue,UV,0.7657599904756336
AT_RNAseq,Leaf,Ground_Blue,Drought,-0.9565701425716848
AT_RNAseq,Leaf,Ground_Blue,Biotic.Drought,-0.43401718919927607
AT_RNAseq,Leaf,Ground_Blue,Biotic.Biotic,-3.4103562254268116
AT_RNAseq,Leaf,Ground_Blue,Drought.Biotic,0.5629949333124182
AT_RNAseq,Leaf,Ground_Blue,Hormone,-2.3048636921883165
AT_RNAseq,Root,Ground_Blue,Biotic,-3.8773812831384586
AT_RNAseq,Root,Ground_Blue,UV,1.6896213780956617
AT_RNAseq,Root,Ground_Blue,Drought,-0.7804546902743642
AT_RNAseq,Root,Ground_Blue,Biotic.Drought,-0.6773371367746934
AT_RNAseq,Root,Ground_Blue,Biotic.Biotic,-14.768992216386861
AT_RNAseq,Root,Ground_Blue,Drought.Biotic,-4.367118261896568
AT_RNAseq,Root,Ground_Blue,Hormone,1.21503158757679
AT_RNAseq,Leaf,Flight_Effect_Red,Biotic,-2.078040440937274
AT_RNAseq,Leaf,Flight_Effect_Red,UV,0.578543129108815
AT_RNAseq,Leaf,Flight_Effect_Red,Drought,-3.6399386949035355
AT_RNAseq,Leaf,Flight_Effect_Red,Biotic.Drought,-3.4044521829817658
AT_RNAseq,Leaf,Flight_Effect_Red,Biotic.Biotic,10.823652241182675
AT_RNAseq,Leaf,Flight_Effect_Red,Drought.Biotic,3.578972169727682
AT_RNAseq,Leaf,Flight_Effect_Red,Hormone,-6.941709208303299
AT_RNAseq,Root,Flight_Effect_Red,Biotic,11.525979073849957
AT_RNAseq,Root,Flight_Effect_Red,UV,-0.053670187067626995
AT_RNAseq,Root,Flight_Effect_Red,Drought,-1.930512241520736
AT_RNAseq,Root,Flight_Effect_Red,Biotic.Drought,0.3963088772610457
AT_RNAseq,Root,Flight_Effect_Red,Biotic.Biotic,16.471937124792856
AT_RNAseq,Root,Flight_Effect_Red,Drought.Biotic,4.477916002116611
AT_RNAseq,Root,Flight_Effect_Red,Hormone,1.862261899396097
AT_RNAseq,Leaf,Flight_Effect_Blue,Biotic,7.197571179595396
AT_RNAseq,Leaf,Flight_Effect_Blue,UV,-0.4216157305336525
AT_RNAseq,Leaf,Flight_Effect_Blue,Drought,-14.11182401625489
AT_RNAseq,Leaf,Flight_Effect_Blue,Biotic.Drought,-15.273170781043149
AT_RNAseq,Leaf,Flight_Effect_Blue,Biotic.Biotic,9.84077770414348
AT_RNAseq,Leaf,Flight_Effect_Blue,Drought.Biotic,3.5153549235568375
AT_RNAseq,Leaf,Flight_Effect_Blue,Hormone,-17.732198631797893
AT_RNAseq,Root,Flight_Effect_Blue,Biotic,16.92453067848488
AT_RNAseq,Root,Flight_Effect_Blue,UV,-2.934076940847503
AT_RNAseq,Root,Flight_Effect_Blue,Drought,-2.394686633884475
AT_RNAseq,Root,Flight_Effect_Blue,Biotic.Drought,-1.151419888614783
AT_RNAseq,Root,Flight_Effect_Blue,Biotic.Biotic,41.32779148190323
AT_RNAseq,Root,Flight_Effect_Blue,Drought.Biotic,12.06871822328359
AT_RNAseq,Root,Flight_Effect_Blue,Hormone,1.6292383611105268
AT_RNAseq,Leaf,Light_Effect_Flight,Biotic,0.41928795433233623
AT_RNAseq,Leaf,Light_Effect_Flight,UV,1.4254387559981054
AT_RNAseq,Leaf,Light_Effect_Flight,Drought,-14.78763546968512
AT_RNAseq,Leaf,Light_Effect_Flight,Biotic.Drought,-15.541125153089718
AT_RNAseq,Leaf,Light_Effect_Flight,Biotic.Biotic,1.6281171595314685
AT_RNAseq,Leaf,Light_Effect_Flight,Drought.Biotic,0.09197802180035852
AT_RNAseq,Leaf,Light_Effect_Flight,Hormone,-11.505622253898625
AT_RNAseq,Root,Light_Effect_Flight,Biotic,0.7801121012104648
AT_RNAseq,Root,Light_Effect_Flight,UV,-1.0471883569294085
AT_RNAseq,Root,Light_Effect_Flight,Drought,-0.4287050275624025
AT_RNAseq,Root,Light_Effect_Flight,Biotic.Drought,-1.2505051582712672
AT_RNAseq,Root,Light_Effect_Flight,Biotic.Biotic,12.42886485949464
AT_RNAseq,Root,Light_Effect_Flight,Drought.Biotic,5.3842969155369165
AT_RNAseq,Root,Light_Effect_Flight,Hormone,1.2556998654565699
AT_RNAseq,Leaf,Light_Effect_Ground,Biotic,-8.856323666200334
AT_RNAseq,Leaf,Light_Effect_Ground,UV,2.425597615640573
AT_RNAseq,Leaf,Light_Effect_Ground,Drought,-4.315750148333767
AT_RNAseq,Leaf,Light_Effect_Ground,Biotic.Drought,-3.6724065550283354
AT_RNAseq,Leaf,Light_Effect_Ground,Biotic.Biotic,2.6109916965706628
AT_RNAseq,Leaf,Light_Effect_Ground,Drought.Biotic,0.155595267971203
AT_RNAseq,Leaf,Light_Effect_Ground,Hormone,-0.7151328304040319
AT_RNAseq,Root,Light_Effect_Ground,Biotic,-4.618439503424461
AT_RNAseq,Root,Light_Effect_Ground,UV,1.8332183968504676
AT_RNAseq,Root,Light_Effect_Ground,Drought,0.03546936480133622
AT_RNAseq,Root,Light_Effect_Ground,Biotic.Drought,0.29722360760456157
AT_RNAseq,Root,Light_Effect_Ground,Biotic.Biotic,-12.426989497615738
AT_RNAseq,Root,Light_Effect_Ground,Drought.Biotic,-2.2065053056300616
AT_RNAseq,Root,Light_Effect_Ground,Hormone,1.4887234037421402
AT_RNAseq,Leaf,Interaction,Biotic,9.27561162053267
AT_RNAseq,Leaf,Interaction,UV,-1.0001588596424675
AT_RNAseq,Leaf,Interaction,Drought,-10.471885321351355
AT_RNAseq,Leaf,Interaction,Biotic.Drought,-11.868718598061383
AT_RNAseq,Leaf,Interaction,Biotic.Biotic,-0.9828745370391943
AT_RNAseq,Leaf,Interaction,Drought.Biotic,-0.06361724617084447
AT_RNAseq,Leaf,Interaction,Hormone,-10.790489423494593
AT_RNAseq,Root,Interaction,Biotic,5.398551604634926
AT_RNAseq,Root,Interaction,UV,-2.880406753779876
AT_RNAseq,Root,Interaction,Drought,-0.4641743923637387
AT_RNAseq,Root,Interaction,Biotic.Drought,-1.5477287658758287
AT_RNAseq,Root,Interaction,Biotic.Biotic,24.855854357110378
AT_RNAseq,Root,Interaction,Drought.Biotic,7.590802221166978
AT_RNAseq,Root,Interaction,Hormone,-0.23302353828557032
